[
  {
    "line": 1,
    "elements": [
      {
        "start_timestamp": "2021-04-23T15:01:30.077Z",
        "line": 3,
        "name": "Preencher pesquisa com dados obrigatorios validos",
        "description": "",
        "id": "pesquisa-com-o-qa;preencher-pesquisa-com-dados-obrigatorios-validos",
        "type": "scenario",
        "keyword": "Scenario",
        "steps": [
          {
            "result": {
              "duration": 16088000000,
              "status": "passed"
            },
            "line": 4,
            "name": "Dado que eu acesse a pagina da VV Test",
            "match": {
              "location": "StepDefinitions.DextraTest.dado_que_eu_acesse_a_pagina_da_vv_test()"
            },
            "keyword": "Given "
          },
          {
            "result": {
              "duration": 3821000000,
              "status": "passed"
            },
            "line": 5,
            "name": "E acesse o menu Pesquisa  QA",
            "match": {
              "location": "StepDefinitions.DextraTest.e_acesse_o_menu_pesquisa_qa()"
            },
            "keyword": "And "
          },
          {
            "result": {
              "duration": 2149000000,
              "status": "passed"
            },
            "line": 6,
            "name": "Quando eu preencher todos os campos obrigatorios",
            "match": {
              "location": "StepDefinitions.DextraTest.quando_eu_preencher_todos_os_campos_obrigatorios()"
            },
            "keyword": "When "
          },
          {
            "result": {
              "duration": 133000000,
              "status": "passed"
            },
            "line": 7,
            "name": "Clicar no botao enviar",
            "match": {
              "location": "StepDefinitions.DextraTest.clicar_no_botao_enviar()"
            },
            "keyword": "And "
          },
          {
            "result": {
              "duration": 5561000000,
              "status": "passed"
            },
            "line": 8,
            "name": "Entao deve ser direcionado para uma pagina de sucesso",
            "match": {
              "location": "StepDefinitions.DextraTest.ent_o_deve_ser_direcionado_para_uma_pagina_de_sucesso()"
            },
            "keyword": "Then "
          }
        ]
      }
    ],
    "name": "Pesquisa com o QA",
    "description": "",
    "id": "pesquisa-com-o-qa",
    "keyword": "Feature",
    "uri": "file:src/test/resources/Features/DextraTest.feature",
    "tags": []
  }
]